<?xml version='1.0' encoding='UTF-8' ?>
<PQY_INACTIVE_PAR>
	<ALIAS>
		<ID>DDM_TABLES</ID>
		<RECORD>
			<DD_TABLE_ALIAS>PQY_INACTIVE_PAR</DD_TABLE_ALIAS>
			<DD_ALIAS_DESC>Inactive Partners</DD_ALIAS_DESC>
			<DD_TABLE_PATH>[PARTNERQUEIRES]</DD_TABLE_PATH>
			<DD_ALIAS_TYPE>P</DD_ALIAS_TYPE>
			<DD_KEY_LENGTH>0</DD_KEY_LENGTH>
			<DD_NBR_RECORD>0</DD_NBR_RECORD>
			<DD_RECORD_LEN>0</DD_RECORD_LEN>
			<RESTRICT_CREATE>Y</RESTRICT_CREATE>
			<RESTRICT_REBUILD>Y</RESTRICT_REBUILD>
			<RESTRICT_AUTOADD>Y</RESTRICT_AUTOADD>
			<ASC_COMP_ID>01007514</ASC_COMP_ID>
			<ASC_PROD_ID>PQY</ASC_PROD_ID>
			<DD_EXPORT_DATA>N</DD_EXPORT_DATA>
			<DD_CREATE_DATE>20080915</DD_CREATE_DATE>
			<DD_LSTREV_DATE>20080916</DD_LSTREV_DATE>
			<DD_LSTSYNC_DATE>20080916</DD_LSTSYNC_DATE>
			<DD_LSTSYNC_TIME>155714</DD_LSTSYNC_TIME>
			<DD_ATTR_CPGM>[+DIR_CPP]pqy_inactive_par_cpt.bbj</DD_ATTR_CPGM>
			<DD_ATTR_FTYP>S</DD_ATTR_FTYP>
			<DD_ATTR_PCAL>C:\CVS\basisaon\barista\prog\pqy_inactive_query.src</DD_ATTR_PCAL>
			<DD_ATTR_WINT>Inactive Partners</DD_ATTR_WINT>
		</RECORD>
	</ALIAS>
	<ALIAS>
		<ID>DDM_TABLE_CPRO</ID>
		<RECORD>
			<DD_TABLE_ALIAS>PQY_INACTIVE_PAR</DD_TABLE_ALIAS>
			<DD_ATTR_CPRO>AREC</DD_ATTR_CPRO>
		</RECORD>
	</ALIAS>
	<ALIAS>
		<ID>DDM_TABLE_TPLS</ID>
		<RECORD>
			<DD_TABLE_ALIAS>PQY_INACTIVE_PAR</DD_TABLE_ALIAS>
			<DD_TABLE_TPL>inactive_date:c(8*),partner_type:c(2*),partner_types:c(30*)</DD_TABLE_TPL>
		</RECORD>
	</ALIAS>
	<ALIAS>
		<ID>DDM_TABLE_COLS</ID>
		<RECORD>
			<DD_TABLE_ALIAS>PQY_INACTIVE_PAR</DD_TABLE_ALIAS>
			<DD_SEQUENCE>001</DD_SEQUENCE>
			<DD_DATA_NAME>PQY_DATE        </DD_DATA_NAME>
			<DD_DVAR_NAME>INACTIVE_DATE   </DD_DVAR_NAME>
			<DD_COL_REPEATS>0</DD_COL_REPEATS>
			<DD_COL_OCCURS>0</DD_COL_OCCURS>
			<DD_FIELD_DELIM>Y</DD_FIELD_DELIM>
			<DD_DELIM_CHAR>0A</DD_DELIM_CHAR>
			<DD_CREATE_DATE>20080915</DD_CREATE_DATE>
			<DD_LSTREV_DATE>20080915</DD_LSTREV_DATE>
			<DD_ATTR_COLW>0</DD_ATTR_COLW>
			<DD_ATTR_CTLX>0</DD_ATTR_CTLX>
			<DD_ATTR_CTLY>0</DD_ATTR_CTLY>
			<DD_ATTR_CTLW>0</DD_ATTR_CTLW>
			<DD_ATTR_CTLH>0</DD_ATTR_CTLH>
			<DD_ATTR_LABL>Last Sale on or Before</DD_ATTR_LABL>
			<DD_ATTR_MLAN>N</DD_ATTR_MLAN>
			<DD_ATTR_MAXL>8</DD_ATTR_MAXL>
			<DD_ATTR_TIND>1</DD_ATTR_TIND>
		</RECORD>
		<RECORD>
			<DD_TABLE_ALIAS>PQY_INACTIVE_PAR</DD_TABLE_ALIAS>
			<DD_SEQUENCE>002</DD_SEQUENCE>
			<DD_DATA_NAME>PQY_PARTNER_TYPE</DD_DATA_NAME>
			<DD_DVAR_NAME>PARTNER_TYPE    </DD_DVAR_NAME>
			<DD_COL_REPEATS>0</DD_COL_REPEATS>
			<DD_COL_OCCURS>0</DD_COL_OCCURS>
			<DD_FIELD_DELIM>Y</DD_FIELD_DELIM>
			<DD_DELIM_CHAR>0A</DD_DELIM_CHAR>
			<DD_CREATE_DATE>20080916</DD_CREATE_DATE>
			<DD_LSTREV_DATE>20080916</DD_LSTREV_DATE>
			<DD_ATTR_COLW>0</DD_ATTR_COLW>
			<DD_ATTR_CTLY>0</DD_ATTR_CTLY>
			<DD_ATTR_CTLW>0</DD_ATTR_CTLW>
			<DD_ATTR_CTLH>0</DD_ATTR_CTLH>
			<DD_ATTR_MLAN>N</DD_ATTR_MLAN>
			<DD_ATTR_MAXL>2</DD_ATTR_MAXL>
			<DD_ATTR_TIND>2</DD_ATTR_TIND>
		</RECORD>
		<RECORD>
			<DD_TABLE_ALIAS>PQY_INACTIVE_PAR</DD_TABLE_ALIAS>
			<DD_SEQUENCE>003</DD_SEQUENCE>
			<DD_DATA_NAME>PQY_TEXT_30     </DD_DATA_NAME>
			<DD_DVAR_NAME>PARTNER_TYPES   </DD_DVAR_NAME>
			<DD_COL_REPEATS>0</DD_COL_REPEATS>
			<DD_COL_OCCURS>0</DD_COL_OCCURS>
			<DD_FIELD_DELIM>Y</DD_FIELD_DELIM>
			<DD_DELIM_CHAR>0A</DD_DELIM_CHAR>
			<DD_CREATE_DATE>20080916</DD_CREATE_DATE>
			<DD_LSTREV_DATE>20080916</DD_LSTREV_DATE>
			<DD_ATTR_COLW>0</DD_ATTR_COLW>
			<DD_ATTR_CTLX>0</DD_ATTR_CTLX>
			<DD_ATTR_CTLY>0</DD_ATTR_CTLY>
			<DD_ATTR_CTLW>0</DD_ATTR_CTLW>
			<DD_ATTR_CTLH>0</DD_ATTR_CTLH>
			<DD_ATTR_LABL>Partner Types</DD_ATTR_LABL>
			<DD_ATTR_MLAN>N</DD_ATTR_MLAN>
			<DD_ATTR_MAXL>30</DD_ATTR_MAXL>
			<DD_ATTR_TIND>3</DD_ATTR_TIND>
		</RECORD>
	</ALIAS>
	<ALIAS>
		<ID>DDM_ELEMENTS</ID>
		<RECORD>
			<DD_DATA_NAME>PQY_DATE        </DD_DATA_NAME>
			<DD_DESCRIPTION>Date</DD_DESCRIPTION>
			<DD_DATA_TYPE>C</DD_DATA_TYPE>
			<DD_DATA_LENGTH>8</DD_DATA_LENGTH>
			<ASC_COMP_ID>01007514</ASC_COMP_ID>
			<ASC_PROD_ID>PQY</ASC_PROD_ID>
			<LOCALIZATION_EX>N</LOCALIZATION_EX>
			<DD_CREATE_DATE>20080915</DD_CREATE_DATE>
			<DD_LSTREV_DATE>20080915</DD_LSTREV_DATE>
			<DD_ATTR_BLNK>N</DD_ATTR_BLNK>
			<DD_ATTR_CTLW>0</DD_ATTR_CTLW>
			<DD_ATTR_CTLH>0</DD_ATTR_CTLH>
			<DD_ATTR_CTYP>D</DD_ATTR_CTYP>
			<DD_ATTR_LABL>Date</DD_ATTR_LABL>
			<DD_ATTR_LABS>Date</DD_ATTR_LABS>
			<DD_ATTR_MAXL>0</DD_ATTR_MAXL>
			<DD_ATTR_MAXR>0</DD_ATTR_MAXR>
			<DD_ATTR_MINL>0</DD_ATTR_MINL>
			<DD_ATTR_MSKI>00/00/0000</DD_ATTR_MSKI>
			<DD_ATTR_PREC>0</DD_ATTR_PREC>
			<DD_ATTR_STYP>1</DD_ATTR_STYP>
		</RECORD>
		<RECORD>
			<DD_DATA_NAME>PQY_PARTNER_TYPE</DD_DATA_NAME>
			<DD_DESCRIPTION>Partner Type</DD_DESCRIPTION>
			<DD_DATA_TYPE>C</DD_DATA_TYPE>
			<DD_DATA_LENGTH>2</DD_DATA_LENGTH>
			<ASC_COMP_ID>01007514</ASC_COMP_ID>
			<ASC_PROD_ID>PQY</ASC_PROD_ID>
			<LOCALIZATION_EX>N</LOCALIZATION_EX>
			<DD_CREATE_DATE>20080916</DD_CREATE_DATE>
			<DD_LSTREV_DATE>20080916</DD_LSTREV_DATE>
			<DD_ATTR_BLNK>N</DD_ATTR_BLNK>
			<DD_ATTR_CTLW>0</DD_ATTR_CTLW>
			<DD_ATTR_CTLH>0</DD_ATTR_CTLH>
			<DD_ATTR_CTYP>L</DD_ATTR_CTYP>
			<DD_ATTR_LABL>Partner Type</DD_ATTR_LABL>
			<DD_ATTR_LABS>Partner Type</DD_ATTR_LABS>
			<DD_ATTR_MAXL>0</DD_ATTR_MAXL>
			<DD_ATTR_MAXR>0</DD_ATTR_MAXR>
			<DD_ATTR_MINL>0</DD_ATTR_MINL>
			<DD_ATTR_PREC>0</DD_ATTR_PREC>
		</RECORD>
		<RECORD>
			<DD_DATA_NAME>PQY_TEXT_30     </DD_DATA_NAME>
			<DD_DESCRIPTION>Text 30</DD_DESCRIPTION>
			<DD_DATA_TYPE>C</DD_DATA_TYPE>
			<DD_DATA_LENGTH>30</DD_DATA_LENGTH>
			<ASC_COMP_ID>01007514</ASC_COMP_ID>
			<ASC_PROD_ID>PQY</ASC_PROD_ID>
			<LOCALIZATION_EX>N</LOCALIZATION_EX>
			<DD_CREATE_DATE>20080916</DD_CREATE_DATE>
			<DD_LSTREV_DATE>20080916</DD_LSTREV_DATE>
			<DD_ATTR_BLNK>N</DD_ATTR_BLNK>
			<DD_ATTR_CTLW>0</DD_ATTR_CTLW>
			<DD_ATTR_CTLH>0</DD_ATTR_CTLH>
			<DD_ATTR_CTYP>E</DD_ATTR_CTYP>
			<DD_ATTR_LABL>Text 30</DD_ATTR_LABL>
			<DD_ATTR_LABS>Text 30</DD_ATTR_LABS>
			<DD_ATTR_MAXL>0</DD_ATTR_MAXL>
			<DD_ATTR_MAXR>0</DD_ATTR_MAXR>
			<DD_ATTR_MINL>0</DD_ATTR_MINL>
			<DD_ATTR_PREC>0</DD_ATTR_PREC>
		</RECORD>
	</ALIAS>
</PQY_INACTIVE_PAR>
